scenario,theta_occ,theta_light,theta_plug
exp1_clean,0.8494842094215409,0.8846415472404903,0.7491662167246834
exp1_clean,1.2013325802965216,0.8491785019180709,0.8852886278433832
exp1_clean,0.9057563518685342,1.0301210557916507,0.8110703336473911
exp1_clean,0.9945027298195953,1.0916679335257506,1.033420379714661
exp1_clean,0.5882508667903731,1.12715089329585,0.8293764248449463
exp1_clean,1.0403213183208235,0.7911424951386469,0.9254783285777258
exp1_clean,0.9673462336521809,0.9981669069913475,0.8681063128166674
exp1_clean,0.6349380269711822,0.7154945052493297,0.9974903246043629
exp1_clean,0.6133227855947267,0.7415217557948366,1.0430525529318835
exp1_clean,0.5985178874399476,0.8816494566869443,1.3492363634050588
exp1_clean,0.9863163199560129,0.9582754231155705,0.9669992820241531
exp1_clean,1.1851970720708436,1.3676714128676954,0.6199986907712558
exp1_clean,0.7278095847395111,1.074989387569442,0.7296995823018103
exp1_clean,0.9844686408246508,1.0035142257280127,1.0044678651930774
exp1_clean,1.1211942819628784,0.8401259157078531,1.104499176540427
exp1_clean,0.8993538606463147,0.8110307298449836,0.6813383077535926
exp1_clean,0.8721862441851584,0.6306051593081863,0.8247137133957702
exp1_clean,0.7284042837455349,0.7803146528965129,1.1157609426134347
exp1_clean,0.6155786971328998,1.189636658235703,0.7770621058469196
exp1_clean,0.6106467054428494,0.9955249713545745,0.8077039937569327
exp1_clean,0.9336210709648721,0.8466800545959515,1.0869454352295111
exp1_clean,0.5448524203532641,0.8831679519895034,1.3001836284812855
exp1_clean,0.8771444376233668,1.074186882365995,0.9163137939375228
exp1_clean,0.9381177798674303,0.8123699389338842,1.1186232012516184
exp1_clean,0.6107356407325323,0.6424934512170163,1.2185035241546125
exp1_clean,0.5364641259572274,0.8421992691766773,1.331732058020895
exp1_clean,0.5795371414259742,1.0117694107270667,0.8597779072238283
exp1_clean,0.6114500618169864,1.2239394374544004,1.296477321432478
exp1_clean,1.2304839159499807,0.7777409642226174,0.6926861179757025
exp1_clean,0.5389862159133054,1.3204996701357168,0.9726159176811142
exp1_clean,0.6532113019590003,0.8324437515678397,0.9570615572236261
exp1_clean,0.73992766334401,0.8062747389229346,1.0821274367877287
exp1_clean,0.8951280133013726,0.7270268919006292,0.7457145933077823
exp1_clean,0.8237933251174518,0.7039204009095824,0.5931317124630618
exp1_clean,0.5809895281450559,0.7951530103882911,0.6639126283524732
exp1_clean,0.9600993263460249,0.6708552162509969,0.9751310941799332
exp1_clean,0.8925235365168812,1.1382399665361385,1.1630440517742069
exp1_clean,0.9416869062556508,1.0430605312077101,1.1567233630986067
exp1_clean,1.2396172702457058,0.7940701210813332,0.8023830306524837
exp1_clean,0.6032697402999474,0.8334065579885016,1.270194079084935
exp1_clean,0.9951823990545496,1.1417247004252116,0.7691803333425404
exp1_clean,0.6572737911658849,1.3218415088257751,1.1521491404493065
exp1_clean,0.673989974343365,0.9170402739898801,1.0967199669733074
exp1_clean,0.6596747612305348,1.1126601552203563,1.0183815626781076
exp1_clean,1.1050407542883567,0.9376687628943106,1.0621918961164738
exp1_clean,0.7921317688918099,0.7211015743733451,0.6347245512605726
exp1_clean,0.8697049179616987,0.9098097146659353,0.9413462176937423
exp1_clean,0.9690332159469537,0.9140135158887834,0.9535244206744662
exp1_clean,0.6654876164383314,0.8094460847023836,0.9494617534580114
exp1_clean,0.8886675881413453,0.8427146315612243,1.0964949099105241
exp1_clean,0.9859877775079842,0.6963374465702044,0.915800565297242
exp1_clean,0.7541130909533744,1.1045722369795299,0.7498604727731896
exp1_clean,0.9323409482468221,0.5926615375582412,0.9590384017265312
exp1_clean,0.5513672717290826,1.124981097016282,0.9082343988007422
exp1_clean,0.6224794945079697,0.9980662775216297,1.3981681760110214
exp1_clean,1.4097743142120738,0.9250033093893871,0.6590847628725148
exp1_clean,0.567907922358523,0.8259193873326824,0.6282782647032226
exp1_clean,0.9743031887049582,0.6838727310695003,0.8893384898019002
exp1_clean,1.0462312466837704,0.6384909584033557,1.2064121086626856
exp1_clean,0.999860659557152,0.6696249136815176,0.9342818255143162
exp1_clean,0.9240602547694061,1.0912130889141183,0.8964697219657477
exp1_clean,1.029103339291571,1.1682960878640412,0.7640188271865491
exp1_clean,0.9848028228192581,0.992873279320368,0.9047529777937878
exp1_clean,0.8692809156319885,1.3962428575655679,0.6270906762966748
exp1_clean,0.8087764813874179,0.9230244909647808,1.2979798733394703
exp1_clean,0.8795638620897477,0.8646826878621809,0.7487521745326352
exp1_clean,0.7276949478425261,0.814545989138559,1.1260562390846518
exp1_clean,1.1334716858669114,0.6167415681974174,0.8106511731449747
exp1_clean,0.7796710658844839,0.6186732052143448,0.6883172625601536
exp1_clean,0.6491969014040015,1.3781416655783092,0.9676100426435085
exp1_clean,0.6042733123611411,0.7995520570297566,0.6511350235531937
exp1_clean,0.7635679573187977,0.657285244672578,0.8724506708587285
exp1_clean,0.6281235060020643,0.7160591263637925,1.031207882241603
exp1_clean,0.5545529086842932,0.845289879592402,1.3481124942466753
exp1_clean,0.7444144265356526,0.8244647816693571,1.1482825804640424
exp1_clean,0.6563715372720977,1.3653223586739387,0.949598640418429
exp1_clean,0.9683591469929939,0.9377241264871742,0.9487340084664063
exp1_clean,0.9169996338043515,0.5898522461867004,0.977371711834062
exp1_clean,0.6348190379475964,0.9771320506475777,0.814242859811143
exp1_clean,0.9020928766245541,0.7653937261657904,0.7403357308210667
exp1_clean,0.5545119340489525,1.0772059110517074,0.9472312995922324
exp1_clean,0.9439517823058542,0.8548777073587706,0.6846042253063805
exp1_clean,0.7690518712659494,0.7815895944551162,1.1005761289322282
exp1_clean,0.5884606040642124,1.0689512620395407,1.1904464699148223
exp1_clean,1.0554366611863422,0.8105721686648223,0.9237451802620439
exp1_clean,1.1014108057296892,0.6507276514927174,0.9648134023436186
exp1_clean,0.7456014208967598,0.8139118225827955,1.136429021293217
exp1_clean,0.6940049164143358,0.7771604784611613,1.2760336545002922
exp1_clean,0.7225910720599495,1.1025682091108209,0.6795177059289199
exp1_clean,0.6093122620387514,0.7940148460575094,0.9415901381480221
exp1_clean,0.6652126059062028,0.8876120201570689,0.8800959409814295
exp1_clean,0.9195932399623543,0.8145091458279475,0.6716711095819624
exp1_clean,0.9177344992470446,1.0383863496661123,0.6166521503374573
exp1_clean,0.950960259802909,1.065153198876659,1.1290908710482546
exp1_clean,0.6171948662335704,1.0202055821960396,1.1734384920114367
exp1_clean,0.6440923835859338,0.7761717225344135,1.2799978006055273
exp1_clean,0.5840213820900666,0.8669687590171641,1.3389781750279492
exp1_clean,0.6342639334256701,1.1457942105162884,0.8859953561556971
exp1_clean,1.2900230527447871,0.6482247672408232,0.6409588312969681
exp1_clean,0.9534522420088601,0.7378770901707147,0.7310124118159645
exp1_clean,1.1782145033730105,0.8516893745258862,0.8884802463277721
exp1_clean,0.8188893230388185,1.1600689784360323,0.7591859977746159
exp1_clean,0.7496103201820589,1.10877460904389,0.7179792892853919
exp1_clean,0.6673643425205367,1.1499114197723301,1.0876830402989999
exp1_clean,0.7005915730385222,0.7467579585035955,1.1445673917248322
exp1_clean,0.8052505262531336,1.0231803096401377,1.361080901137846
exp1_clean,0.6458497901922233,1.387215137269415,0.9572131764832651
exp1_clean,0.9568031768453683,0.7773096720168614,1.2095484554389337
exp1_clean,0.8624441097672632,0.9985600151702878,0.785687304800502
exp1_clean,0.9736999036494561,1.091500996442436,0.61169139926204
exp1_clean,0.6150552391232188,1.0129675609811468,0.9453524442085869
exp1_clean,0.613651394451358,0.8157785573013902,0.9493896160008779
exp1_clean,0.6822900567208019,0.9071735394026998,1.1210719938117881
exp1_clean,0.6677636011981477,0.864123693811196,1.1265775663104505
exp1_clean,0.8175626242400333,0.6672436609727804,0.6095688457958209
exp1_clean,0.8812424858294456,1.380531489202335,0.6445172550703006
exp1_clean,0.5887640819317751,1.254273496562455,1.298827950982881
exp1_clean,0.6038331977962431,0.8395932727420973,0.94505314001002
exp1_clean,0.847863402950558,0.8590061499490054,0.7703638650836089
exp1_clean,0.8094237557763113,0.8586860619482126,1.0522212038965832
exp2_noise,0.9748683011374297,0.9286066258404034,0.9576226627817265
exp2_noise,0.8618546055787827,0.903723163581695,0.9735738670872113
exp2_noise,0.740169037123029,1.2861379206574546,1.1858565299104227
exp2_noise,0.9361071248792996,0.8408832938346873,1.0967812257499296
exp2_noise,0.6034259329194676,1.1577621535939628,0.8376828132866838
exp2_noise,1.0483319658355044,0.6635934310058275,1.2241516157168353
exp2_noise,1.0048370321154643,0.8780069319609759,0.676508933309972
exp2_noise,0.599796701084693,1.0533443811570433,1.159015062844407
exp2_noise,0.9890764045553287,1.0750121763691647,1.077930022459288
exp2_noise,0.6136860492975329,0.6401526207224465,1.2166565451853297
exp2_noise,0.8148956266597429,0.8760304646043061,1.0441124851769341
exp2_noise,0.6563607868990687,0.8835018518068345,1.115115548752523
exp2_noise,0.6150391549506432,1.0089562747398801,1.4021732017352677
exp2_noise,0.6356002220393766,0.6177478988692129,1.2376886121999522
exp2_noise,0.7153523547810663,0.7603669312223179,1.1268466765670089
exp2_noise,0.6235873135003834,1.4172937638771832,0.9847149011243758
exp2_noise,0.9255634932108008,0.5721584289380561,0.9494854361286797
exp2_noise,0.6276514332746951,0.6486884303100978,1.196734754180057
exp2_noise,0.6611244229142798,0.7306246451276696,1.017661025804943
exp2_noise,0.847000593890034,0.8759452632949163,0.9684665872349005
exp2_noise,0.5800266601146136,0.71472346909128,1.0057722199938244
exp2_noise,0.5716642119173122,0.7194194359440841,0.7669667602716699
exp2_noise,0.5816103893661608,1.150161904415845,0.8022938359331471
exp2_noise,0.9183343057671467,1.2884848562625015,0.9643335673003713
exp2_noise,0.9282971659338405,0.9829106281098404,0.8292869855781533
exp2_noise,0.9059005247919838,0.726646929814264,0.8426294450008848
exp2_noise,0.8194115192718865,0.8902219704230957,0.7522245020021008
exp2_noise,0.9370258320878274,1.0648147027386967,1.1279419429497408
exp2_noise,1.0723261844123226,0.8103707341935036,0.9312843404085835
exp2_noise,1.1049678748246525,0.6195296397226777,1.3394881342581064
exp2_noise,0.9358971639012753,0.5845854914561157,0.944889274556683
exp2_noise,0.8305030193878842,0.9138239504238584,0.6970553657166139
exp2_noise,0.6072195583991967,1.2061031163300695,1.2761369565775218
exp2_noise,0.7657213256485224,1.276536163373775,0.8907784380074161
exp2_noise,0.8727381974391738,1.3915219498288611,0.6057981166715665
exp2_noise,0.7409653456556938,0.9194425190275778,1.304533834242196
exp2_noise,0.6327240461801903,1.0091181927992834,0.8111606995401908
exp2_noise,0.9048882826398835,0.9629263790656064,0.8083977394455141
exp2_noise,0.8913277500437751,0.941465327074483,0.9726998962691326
exp2_noise,0.523603819948832,1.3007678301074928,0.9946721797684941
exp2_noise,0.7131804249412335,0.7991223312038537,1.1090292416348397
exp2_noise,0.8293122445246018,0.8676955013702843,0.788567514967519
exp2_noise,0.6183694525336487,0.9708788688804786,0.7905589327693577
exp2_noise,1.0841668833249294,0.8146554454144935,0.8923643054584829
exp2_noise,0.6788198450292215,1.350164745404577,0.978381881428726
exp2_noise,1.1474932639127973,0.7337685378579999,1.1957532357395613
exp2_noise,1.3871402107609283,0.9356971331024937,0.6411847565427065
exp2_noise,1.053574334551542,0.6339610726317872,1.2448500113223218
exp2_noise,0.5715098125668754,0.7597506459504474,0.7951512454693342
exp2_noise,0.8696414447507345,0.9866021545877571,0.6254435063318647
exp2_noise,0.7389503051390983,0.7693168889564879,1.1287323371180622
exp2_noise,0.6571130424163223,1.3039552550004252,0.8215432531759237
exp2_noise,1.1299888207803328,0.642579909439738,0.8068475711327141
exp2_noise,0.6767976385197535,0.8485761861312159,0.8734729005955385
exp2_noise,0.9004587820377826,0.987051585534564,0.8335038656887404
exp2_noise,1.1479088985669699,0.7019679541806046,1.191331293765755
exp2_noise,0.5880566895265094,0.8431725436919079,1.2441286339027549
exp2_noise,0.9511452257542977,0.945149065366197,0.948537787567847
exp2_noise,0.9658019499095519,0.7171729046727501,0.698245760439564
exp2_noise,0.894950116131395,0.813687313826779,0.7088686080057716
exp2_noise,0.6943550921961348,1.2123460735222444,0.83736320859267
exp2_noise,0.6048571863192855,1.172247964904986,1.2727613125553494
exp2_noise,0.644526851350641,1.389033873695655,0.9782165770302315
exp2_noise,0.6739446551129539,1.3446700398491738,0.9642579292468241
exp2_noise,1.083577438036222,0.8304818506493157,0.6338874187833872
exp2_noise,1.2283888425728298,0.8490912898274374,0.8596850057887158
exp2_noise,0.782910019929753,0.8310693796578976,1.3370795441736363
exp2_noise,1.0046896322808987,1.0813101376243015,1.0268062454995048
exp2_noise,0.626086707729557,1.3503217750488583,1.164158051237129
exp2_noise,0.5501939818885101,0.7732170791039806,0.671539675860169
exp2_noise,0.5963297663304268,0.8345763962499124,0.6262323588593448
exp2_noise,0.9832375211020432,1.0383146233704645,0.5827164024234969
exp2_noise,0.8066393268837841,0.667645400598978,0.6299209656786564
exp2_noise,0.9736108791596763,1.0173354150986436,0.8932091405417945
exp2_noise,0.7343926331788642,0.7615765500570959,1.110902324876615
exp2_noise,0.717845037920533,1.1381856005435347,0.6811103960612519
exp2_noise,0.7343234615715934,0.7866770004663058,1.158724006157252
exp2_noise,1.103067933312972,0.8917131283912878,0.7199304897485244
exp2_noise,1.0144555628352185,0.9544617709196501,1.1632618596345736
exp2_noise,0.5279673218865534,1.159289327576363,0.8289446692742594
exp2_noise,0.7152418496126645,1.007794130627394,0.6482947516605659
exp2_noise,1.0666940909492757,0.6372981876658635,1.2282568957970308
exp2_noise,1.0097272441866347,1.02257110105078,1.0129802861790267
exp2_noise,0.9356301469829088,0.6895664069410435,0.7184468416908841
exp2_noise,1.2345575950685233,0.8302568490910924,0.8895681423173105
exp2_noise,1.178730814276289,0.7977592649521764,0.8650715646985586
exp2_noise,0.6845401398443647,0.8318808204860151,0.8852937931042101
exp2_noise,0.8712677618874124,1.093056270541781,0.8875136792116343
exp2_noise,0.8270548106133381,0.6353797715623536,0.8650736999832506
exp2_noise,0.8028094128357111,0.8623969575415803,1.318432361878432
exp2_noise,1.0240930918486777,0.9050317504788437,1.1484934627023609
exp2_noise,0.9137821635159145,0.7275527190193887,0.8070036446354473
exp2_noise,0.9858106331240722,0.9946511321880194,0.997014372651598
exp2_noise,0.7351559606290621,0.7759114365005841,1.1408975920370978
exp2_noise,0.751846451330582,1.1155637331129116,0.7058634284241156
exp2_noise,0.8032604048329284,0.8634727819649609,1.3306137215608775
exp2_noise,0.9163539580024634,1.0154031550031284,0.5722609370918784
exp2_noise,0.8503202999560784,1.0275514815286257,0.5850222818235552
exp2_noise,0.6859741837354328,0.8763078416959008,0.8618359210095232
exp2_noise,0.5878295718591219,0.8744007281722217,1.3462462836433897
exp2_noise,0.9971056667237479,0.6580163738407,0.9541018941263308
exp2_noise,0.9292540126112467,0.8837611848396951,0.639798374706012
exp2_noise,1.1979775501773826,0.8413040010945951,0.8638101174127385
exp2_noise,0.9011279154044775,0.7782580729268618,0.641521739289628
exp2_noise,0.5630225870563211,1.194945804192338,0.7667188160504107
exp2_noise,1.0729880132808682,0.7995047129035832,0.8923064799831752
exp2_noise,0.9725919689571451,0.7662442153227593,1.2445672159143149
exp2_noise,0.9670989369005931,1.0444100910722645,0.95527183062472
exp2_noise,0.564306621534301,0.8186228168579744,0.6630525765834876
exp2_noise,0.8738915600061964,0.9855901866474704,0.5891710719590193
exp2_noise,0.8776295541577304,0.8268990545353865,0.99689631506017
exp2_noise,0.8160992845418206,0.8621440159969472,1.0810664377443544
exp2_noise,0.9280665815708711,1.1760191614857818,0.6430836640119622
exp2_noise,0.9928017460430658,1.1701061930402419,0.8011767804186829
exp2_noise,0.7168465171963745,1.0742550840100769,0.7129393543827214
exp2_noise,0.5976107063407317,1.1939491928905188,1.297354292121375
exp2_noise,0.8551703126312955,0.8588083139823907,0.7803339698594902
exp2_noise,0.597886710981265,0.7133442456616665,0.8323416868128103
exp2_noise,0.6568450777296878,1.1089079751064226,0.8701163694526024
exp2_noise,0.9031492475868359,0.793329378813292,0.6699374349950208
exp3_noise_missing,0.7462466379440978,1.2043092471110193,1.1525691652903136
exp3_noise_missing,0.9669631756319473,1.1148183043429918,0.6223339449216425
exp3_noise_missing,0.8560025679086665,0.6292566210737595,0.8581908122713119
exp3_noise_missing,0.7112756519673156,0.8171106258245717,1.1283968202599517
exp3_noise_missing,0.5781414467095235,0.8450712375851551,0.6172944899313544
exp3_noise_missing,1.0120858575687404,1.15196879211768,1.3515957897175883
exp3_noise_missing,0.6572159697889997,0.8363546305255118,0.7067339738090185
exp3_noise_missing,0.890223828181739,0.6688254535268778,0.639301208952437
exp3_noise_missing,0.8521902833482147,0.988794010668805,0.5942757413994778
exp3_noise_missing,0.595959042819923,1.1604487884864634,0.7857189112025806
exp3_noise_missing,0.6341662042067943,0.8503164172290817,1.1931655728974708
exp3_noise_missing,0.746786204393606,0.7420025259077365,0.935040036103164
exp3_noise_missing,0.8923542473719888,0.7410790846196137,0.8712587865552399
exp3_noise_missing,0.7737262716346148,0.6760075165457795,0.859371944114535
exp3_noise_missing,0.616327949676139,0.7973314372256841,1.2948774385934445
exp3_noise_missing,0.6219761715985256,0.6358454354027289,1.2027454865226275
exp3_noise_missing,0.8048798978660101,1.1966417642847818,1.1505839490483463
exp3_noise_missing,0.6355307737325907,1.1533740543878477,0.895499870025146
exp3_noise_missing,0.6011237112377825,0.7520588082467095,1.158530746273957
exp3_noise_missing,0.9071719357208459,0.8169310119558938,0.6742486147158436
exp3_noise_missing,0.6755538650331132,0.8084949689070885,0.6663091896159998
exp3_noise_missing,0.7383394108500715,0.8241113717995416,1.0969109825684513
exp3_noise_missing,0.6279144432083394,0.8268758857034747,0.9059949866830681
exp3_noise_missing,0.9355319963743332,1.0540174316555038,0.6116548612537388
exp3_noise_missing,0.7719046902568805,0.6875849506778505,0.8252133470269044
exp3_noise_missing,0.5601709033754994,0.8984472496795072,0.7497730052847199
exp3_noise_missing,0.6515536602628353,0.6214323427223554,1.1264067144043952
exp3_noise_missing,0.6351391795569835,1.11359168326864,0.9025112077975646
exp3_noise_missing,0.7034719639998185,0.8006135252706632,0.6844666821206027
exp3_noise_missing,0.9127487349831801,0.6453215694372796,1.0331335779254671
exp3_noise_missing,0.5763163144496924,0.8216935367275541,0.6276307607771506
exp3_noise_missing,0.6513517206750873,0.7091284376397429,1.0230551373862427
exp3_noise_missing,0.983535112705515,0.6943346375126074,0.9223313044711915
exp3_noise_missing,0.6263752064807997,0.7230578812805135,1.0483085065708535
exp3_noise_missing,0.5956862685638782,0.9203453535913505,0.7674863671812909
exp3_noise_missing,0.588553859079499,0.811646231218721,0.6515729276967164
exp3_noise_missing,0.5817520700877966,0.6599337516939026,0.9131975936878095
exp3_noise_missing,0.8856592099225125,1.3065646303778224,1.0198623922599153
exp3_noise_missing,0.5877863276330615,0.8220228925864095,0.6195631447300597
exp3_noise_missing,0.6790180432870352,1.1223620832806802,0.8470070498486058
exp3_noise_missing,0.8849040127725399,0.6833251351670163,0.699019477447244
exp3_noise_missing,0.6999785645251576,0.8971496593717915,0.8687855916913818
exp3_noise_missing,0.833056442145487,0.6275055107170723,0.742571108118755
exp3_noise_missing,0.9940477919270544,0.7008132916020043,0.9589967943372224
exp3_noise_missing,0.7317554668248092,0.7826053496373827,1.184353358813639
exp3_noise_missing,0.6039540590766792,0.703852469873794,0.9307895620577613
exp3_noise_missing,0.5751095262879035,0.7120066982841844,0.6958341474659789
exp3_noise_missing,0.6404331959761563,0.8022160979167565,0.9311853491288427
exp3_noise_missing,0.7480703683145411,0.8278571297922221,1.1352187781020326
exp3_noise_missing,0.7914343993561952,0.7052718389237921,0.8755721984032502
exp3_noise_missing,0.6205972847231488,1.252407020259599,0.8085359996367829
exp3_noise_missing,0.5919807858993846,0.7588291664694559,0.7725410312560609
exp3_noise_missing,0.7910122086723589,0.6350925852521566,0.7044805378684081
exp3_noise_missing,0.8230802699090376,0.6692401338338291,0.6202504437828935
exp3_noise_missing,0.565145655918564,0.8522342497877483,1.3615758688680741
exp3_noise_missing,0.6385448064141744,0.6047033037207492,1.2032393321605266
exp3_noise_missing,1.176795692138655,0.7896561792285792,0.8599792902734532
exp3_noise_missing,0.9002175453446049,0.601962027924949,0.7185180094381386
exp3_noise_missing,0.6991328893753516,0.7508758459404273,1.1366634611047595
exp3_noise_missing,0.8448590569237552,0.8782832692718774,0.7548881918357832
exp3_noise_missing,0.6964123117031131,0.7783269407753333,1.1503088499530525
exp3_noise_missing,1.0672417730758599,0.8356334457625694,1.3956049916099484
exp3_noise_missing,0.647563022757967,0.8872586122651193,0.9019289597086227
exp3_noise_missing,0.5407110972619871,1.144247392481976,0.6135183346556214
exp3_noise_missing,0.6635079388912908,1.131654164723897,1.160461190660684
exp3_noise_missing,0.6452131989647673,0.88848933484642,0.9027246508706321
exp3_noise_missing,1.3387686796569274,0.8076198824374531,1.4191113115163947
exp3_noise_missing,0.5248626558283518,0.7762016627430064,1.1846054440573643
exp3_noise_missing,0.742175427140324,0.6078968859292634,0.7715575146719602
exp3_noise_missing,0.5928146241928847,0.8598663044536266,1.213543762002628
exp3_noise_missing,0.7287175306742224,1.205037578151575,0.7023845986609909
exp3_noise_missing,0.967080552685554,0.6888287325897964,0.7365892269433929
exp3_noise_missing,0.7814249970468071,0.8756494414950505,0.6100330074794862
exp3_noise_missing,0.6068892684526949,1.2299241741705573,0.7951121376501462
exp3_noise_missing,0.6067107946880604,0.7607709418431705,0.7815387830554079
exp3_noise_missing,0.5450015598840089,0.8261807629178844,0.6494633833675804
exp3_noise_missing,0.6275822956153511,0.807680818685231,0.9251696006679029
exp3_noise_missing,0.7378871102839866,0.8474461560938907,0.6238445716018457
exp3_noise_missing,1.1107379424036499,0.9402089459801076,1.1725359193007274
exp3_noise_missing,0.5786144233481797,0.8059830749917375,0.6509070549643419
exp3_noise_missing,0.6693228082267106,1.1382662041590357,0.8853488332381463
exp3_noise_missing,0.7932439730545986,0.835941655878606,0.6240702755864591
exp3_noise_missing,0.7056093449312668,0.7546326077136466,1.1475176021179685
exp3_noise_missing,0.5697561666702077,0.8181506228967866,0.6178943950739325
exp3_noise_missing,0.68828719364908,0.6106043371088516,0.6854361287771282
exp3_noise_missing,0.9860983622288022,0.6554163076075744,0.9473391229605832
exp3_noise_missing,0.8372774838897326,0.8935248919218919,0.7842040423035607
exp3_noise_missing,0.9682875325304008,0.7066458273531788,0.9232720093762327
exp3_noise_missing,0.7102005840952661,0.7964909288401995,1.11303582012354
exp3_noise_missing,0.646072070616517,0.8554189768965387,0.7320178705497246
exp3_noise_missing,0.871614333504339,0.6621570712159673,0.6369961065709808
exp3_noise_missing,0.6372796461826259,0.8214291744730241,1.269038203464256
exp3_noise_missing,0.6320375912963349,0.8575083460633486,0.9488506584790687
exp3_noise_missing,0.5853176866954349,0.8428721613207799,1.2324136193239303
exp3_noise_missing,1.0632499951882735,0.8231247351543504,1.3854928823553936
exp3_noise_missing,0.9218482372885134,0.8390710894166715,0.7091324296419899
exp3_noise_missing,0.6559618999702358,1.393666169131616,0.9388260108313329
exp3_noise_missing,0.6090435500066218,0.5783648885748977,1.2429266392604317
exp3_noise_missing,0.5950636914093161,1.357283278165485,0.6273368756624463
exp3_noise_missing,0.7284784654705729,1.0443163851504083,0.7113954094491561
exp3_noise_missing,0.678952749895302,1.1714867054874247,0.8825186516380237
exp3_noise_missing,0.5789376165849597,0.7326790631698917,0.9261176916287751
exp3_noise_missing,0.7407149816968702,0.6269925630580285,0.7655518211033969
exp3_noise_missing,0.5261555949157544,0.933276676117502,1.1931325527138565
exp3_noise_missing,0.7033849193623125,0.6127799432774429,1.112865248153808
exp3_noise_missing,0.6002974222262193,1.3624868279115283,0.6691647156424508
exp3_noise_missing,0.6078779388115271,0.6956525546456801,0.9590957482652734
exp3_noise_missing,0.7188956549402452,0.778017801405369,1.1622627185536791
exp3_noise_missing,0.6878698579895737,1.38026969352407,0.9480564360905039
exp3_noise_missing,0.9893404998872104,0.8661609533474468,0.6675619045958618
exp3_noise_missing,0.929261953913628,0.8167648512474803,0.6913417353989177
exp3_noise_missing,0.859789078537092,0.9256025784796905,0.9628086685938274
exp3_noise_missing,0.5966346516343805,0.9544575777402573,0.7503785671081087
exp3_noise_missing,0.8005169589397845,0.6549415535711267,0.7178786442086904
exp3_noise_missing,0.5783688618513472,1.1774270039505672,0.7702996673536683
exp3_noise_missing,0.600905488220256,0.6889279201187637,0.7067593909086402
exp3_noise_missing,0.5892057822140206,0.913522835241754,0.7537658034371228
exp3_noise_missing,0.9424766410079775,1.080593652848619,0.6202491433109376
exp3_noise_missing,0.6478503450480413,0.6931019712536663,0.9880224835550344
exp3_noise_missing,0.8988459538393192,0.7458790914211934,0.7609058210792179
